2016-09-05 10:16:17 ;LiteUser;MainUser ;en
2016-09-06 08:18:41 ;LiteUser;MainUser ;en
2016-09-06 13:21:52 ;LiteUser;MainUser ;en
2016-09-06 13:21:53 ;LiteUser;MainUser ;en
2016-09-06 13:21:53 ;LiteUser;MainUser ;en
2016-09-06 13:21:53 ;LiteUser;MainUser ;en
2016-09-06 13:21:55 ;LiteUser;MainUser ;en
2016-09-06 13:21:55 ;LiteUser;MainUser ;en
2016-09-07 08:24:27 ;LiteUser;MainUser ;en
2016-09-08 08:23:16 ;LiteUser;MainUser ;en
2016-09-08 12:10:57 ;LiteUser;MainUser ;en
2016-09-08 12:20:37 ;LiteUser;MainUser ;en
2016-09-09 08:12:39 ;LiteUser;MainUser ;en
2016-09-09 08:12:39 ;LiteUser;MainUser ;en
2016-09-12 08:06:56 ;LiteUser;MainUser ;en
2016-09-12 08:06:57 ;LiteUser;MainUser ;en
2016-09-12 08:10:45 ;LiteUser;MainUser ;en
